First Name,Last Name,Record Type ID,Family Name,Birthdate,Email,Home Phone
Zebadiah,Lumsden,Camper,Lumsden Family,10/21/2001,,9645670935
Yvonne,Mitroshinov,Camper,Mitroshinov Family,11/23/2001,,3743025304
Yvon,Daily,Camper,Daily Family,08/03/2002,,5809116607
Yasmeen,Parsons,Camper,Parsons Family,09/25/2000,,8691036817
Xylia,Sandwick,Camper,Sandwick Family,06/09/1999,,7004838719
Winonah,Bockett,Camper,Bockett Family,10/14/2001,,5784432631
Wilona,Lisimore,Camper,Lisimore Family,12/10/1999,,3405543286
Vikki,Lisimore,Camper,Lisimore Family,07/01/2000,,3405543286
Vic,Peert,Camper,Peert Family,10/18/2001,,3117646941
Vera,Airton,Camper,Airton Family,05/29/2000,,9679924128
Tyne,Parsons,Camper,Parsons Family,03/28/2002,,8691036817
Tucker,Boules,Camper,Boules Family,03/04/1999,,6508008060
Titos,Thams,Camper,Thams Family,02/26/2001,,3603425915
Tibold,Hanselmann,Camper,Hanselmann Family,08/07/1999,,8711221638
Tammi,Dederich,Camper,Dederich Family,04/10/2001,,2668562290
Susanne,Darcy,Camper,Darcy Family,06/02/2000,,8304474430
Susana,Studman,Camper,Studman Family,12/17/1999,,1523574938
Spike,Patrick,Camper,Patrick Family,04/07/2001,,4069662049
Simonne,Stonehouse,Camper,Stonehouse Family,07/28/2002,,5002031016
Sherry,Howie,Camper,Howie Family,10/12/2002,,6177522269
Shelba,Criple,Camper,Criple Family,08/14/2001,,3641188776
Shawn,Carlesso,Camper,Carlesso Family,06/18/2001,,2923617541
Sharleen,Massen,Camper,Massen Family,01/24/1999,,6164709430
Sharla,Ourry,Camper,Ourry Family,02/09/2002,,8487487825
Shantee,Ethersey,Camper,Ethersey Family,04/23/2000,,2058762938
Rori,Wiz,Camper,Wiz Family,10/19/1999,,8868137257
Rickard,Howie,Camper,Howie Family,01/12/2002,,6177522269
Rennie,Gamlen,Camper,Gamlen Family,03/31/2000,,6267936181
Rees,Craighall,Camper,Craighall Family,10/08/2002,,1582574543
Raquela,Greenrodd,Camper,Greenrodd Family,02/13/1999,,2612462824
Rafael,Pitchers,Camper,Pitchers Family,09/14/2000,,2093931996
Phelia,Burmaster,Camper,Burmaster Family,02/01/2002,,2741702148
Peterus,Haldin,Camper,Haldin Family,09/04/2000,,1089572518
Pavla,Milverton,Camper,Milverton Family,11/18/2002,,4611922316
Pavel,Hinkensen,Camper,Hinkensen Family,10/01/1999,,5819559684
Pacorro,Christophers,Camper,Christophers Family,12/12/2001,,2142569746
Noell,Gromley,Camper,Gromley Family,03/16/2002,,8126940015
Nichole,Derry,Camper,Derry Family,09/26/2000,,7353123745
Nanon,Moryson,Camper,Moryson Family,12/18/2000,,7422469392
Meriel,Massen,Camper,Massen Family,10/21/1999,,6164709430
Massimo,Linkleter,Camper,Linkleter Family,09/01/1999,,5346060881
Marylynne,Hallmark,Camper,Hallmark Family,09/04/2001,,4478981303
Marven,Syde,Camper,Syde Family,06/12/2000,,9809294403
Marty,Angell,Camper,Angell Family,05/05/1999,,2204760482
Marigold,Hucknall,Camper,Hucknall Family,07/11/1999,,9199739339
Marianna,Bucklan,Camper,Bucklan Family,07/14/2002,,2383158253
Marget,Izsak,Camper,Izsak Family,10/16/2001,,4461669060
Malchy,Flacknoe,Camper,Flacknoe Family,03/02/2000,,2392096744
Madelyn,Comins,Camper,Comins Family,02/11/2000,,3451672449
Lukas,Patrick,Camper,Patrick Family,05/13/2002,,4069662049
Lothario,Lobell,Camper,Lobell Family,03/15/2000,,2273897192
Loren,Lillyman,Camper,Lillyman Family,06/09/2000,,4312019398
Lindsy,Gromley,Camper,Gromley Family,09/11/2001,,8126940015
Lind,Eglinton,Camper,Eglinton Family,09/01/2000,,4049339249
Leticia,Kimblin,Camper,Kimblin Family,05/30/1999,,2313751497
Lavina,Moryson,Camper,Moryson Family,11/08/1999,,7422469392
Laurent,Willgoss,Camper,Willgoss Family,08/07/2000,,5806558990
Laetitia,Clotworthy,Camper,Clotworthy Family,06/01/2002,,8618360033
Kissee,O'Brollachain,Camper,O'Brollachain Family,09/26/2002,,9802930317
Kirsten,Kobierski,Camper,Kobierski Family,01/22/1999,,6931660576
Ketti,Comins,Camper,Comins Family,07/16/2002,,3451672449
Katti,Kezar,Camper,Kezar Family,07/24/1999,,6829355130
Katha,Hinkensen,Camper,Hinkensen Family,07/23/1999,,5819559684
Karoly,Balaam,Camper,Balaam Family,10/06/2002,,7564939641
Karel,Oddboy,Camper,Oddboy Family,12/16/2000,,2796703834
Kare,Southwood,Camper,Southwood Family,03/10/2002,,6676888033
Juliette,Corbyn,Camper,Corbyn Family,04/22/2001,,9392727791
Josie,Clementet,Camper,Clementet Family,04/09/2001,,5409063265
Josiah,Clotworthy,Camper,Clotworthy Family,04/10/1999,,8618360033
Jonathan,Veart,Camper,Veart Family,09/05/2002,,9465549389
Jermayne,Aitken,Camper,Aitken Family,09/23/1999,,5825351521
Jenna,Piperley,Camper,Piperley Family,11/26/2001,,7559236380
Jeanelle,Hallmark,Camper,Hallmark Family,08/03/2000,,4478981303
Jard,Lanney,Camper,Lanney Family,06/08/1999,,6118714684
Jard,Peaurt,Camper,Peaurt Family,03/04/2002,,4662282538
Jameson,Jamot,Camper,Jamot Family,06/24/2002,,1314830839
Inigo,Kezar,Camper,Kezar Family,12/12/2002,,6829355130
Ingrid,Presshaugh,Camper,Presshaugh Family,03/09/2002,,3025508174
Ilyse,Wickwarth,Camper,Wickwarth Family,02/10/2001,,3678104560
Ilise,Haldin,Camper,Haldin Family,09/06/2002,,1089572518
Ilaire,Errigo,Camper,Errigo Family,12/16/2002,,2013236576
Iggie,Oddboy,Camper,Oddboy Family,09/08/1999,,2796703834
Idette,Desborough,Camper,Desborough Family,12/04/1999,,3246180487
Hyacinthia,Inderwick,Camper,Inderwick Family,03/27/2001,,1728052976
Hubert,Kobierski,Camper,Kobierski Family,04/23/2000,,6931660576
Hermy,De Francesco,Camper,De Francesco Family,08/08/1999,,7503454702
Hermie,Mary,Camper,Mary Family,01/20/1999,,3098952476
Herby,Clementet,Camper,Clementet Family,09/03/2001,,5409063265
Helaine,Milverton,Camper,Milverton Family,09/27/2002,,4611922316
Heidi,Derry,Camper,Derry Family,12/25/1999,,7353123745
Haskell,Fleg,Camper,Fleg Family,01/28/2001,,9334186371
Haily,Linkleter,Camper,Linkleter Family,09/18/2000,,5346060881
Gustave,Ceillier,Camper,Ceillier Family,06/17/2002,,4005505245
Gregor,Curedell,Camper,Curedell Family,03/10/2002,,6265634820
Giovanni,Stayt,Camper,Stayt Family,12/25/2002,,8073570550
Gertrude,Filon,Camper,Filon Family,07/17/2002,,3004883210
Gerri,Lillyman,Camper,Lillyman Family,03/11/1999,,4312019398
Gerianna,Eglinton,Camper,Eglinton Family,08/12/2000,,4049339249
Garvey,Kynoch,Camper,Kynoch Family,02/13/2000,,7853090180
Gan,Ethersey,Camper,Ethersey Family,09/24/2002,,2058762938
Gamaliel,Hanselmann,Camper,Hanselmann Family,06/28/1999,,8711221638
Free,Peaurt,Camper,Peaurt Family,04/22/2002,,4662282538
Field,Tousy,Camper,Tousy Family,05/23/2001,,6222480824
Fianna,Curedell,Camper,Curedell Family,07/05/2002,,6265634820
Erminia,Mary,Camper,Mary Family,02/17/1999,,3098952476
Erika,Gamlen,Camper,Gamlen Family,11/20/2002,,6267936181
Emmalee,Greenrodd,Camper,Greenrodd Family,10/22/1999,,2612462824
Elwira,Daily,Camper,Daily Family,12/13/1999,,5809116607
Elton,Craighall,Camper,Craighall Family,04/09/2000,,1582574543
Elisha,Cardoo,Camper,Cardoo Family,08/17/2002,,7756975751
Efren,O'Brollachain,Camper,O'Brollachain Family,05/08/2002,,9802930317
Dicky,Inderwick,Camper,Inderwick Family,07/04/1999,,1728052976
Diane-marie,Antoszczyk,Camper,Antoszczyk Family,05/06/2000,,3805811539
Dee,Hucknall,Camper,Hucknall Family,05/13/1999,,9199739339
Debor,Dederich,Camper,Dederich Family,07/13/2001,,2668562290
Davine,Squibbes,Camper,Squibbes Family,06/08/2000,,8986401658
Dasha,Demcak,Camper,Demcak Family,04/01/1999,,4787655576
Darrelle,Criple,Camper,Criple Family,02/15/2000,,3641188776
Danika,Westell,Camper,Westell Family,07/23/2001,,8879316267
Dale,Darcy,Camper,Darcy Family,06/29/2000,,8304474430
Daile,Seville,Camper,Seville Family,06/22/1999,,8069079148
Dagny,Joriot,Camper,Joriot Family,03/13/1999,,3568760415
Cynthea,Rattray,Camper,Rattray Family,11/08/2000,,1141317657
Crystal,Lanney,Camper,Lanney Family,02/07/2001,,6118714684
Courtnay,Errigo,Camper,Errigo Family,03/08/2001,,2013236576
Cornell,Mitroshinov,Camper,Mitroshinov Family,05/21/2002,,3743025304
Corbett,Lovejoy,Camper,Lovejoy Family,04/07/2000,,3032856543
Coraline,Ceillier,Camper,Ceillier Family,04/25/1999,,4005505245
Chiquia,Lovejoy,Camper,Lovejoy Family,05/26/2000,,3032856543
Chaddy,Jamot,Camper,Jamot Family,10/11/2002,,1314830839
Carolus,Corbyn,Camper,Corbyn Family,11/02/2001,,9392727791
Candie,Roocroft,Camper,Roocroft Family,12/22/2002,,4955295292
Cam,Bowry,Camper,Bowry Family,06/28/1999,,5814098576
Brooks,Yanuk,Camper,Yanuk Family,11/28/1999,,2449770939
Brita,Demcak,Camper,Demcak Family,03/24/2000,,4787655576
Brewster,Desborough,Camper,Desborough Family,10/21/1999,,3246180487
Brett,Joriot,Camper,Joriot Family,10/04/1999,,3568760415
Bond,Kynoch,Camper,Kynoch Family,11/09/2000,,7853090180
Bobinette,Pankhurst.,Camper,Pankhurst. Family,09/26/2000,,7699504715
Beryle,Filon,Camper,Filon Family,10/03/2001,,3004883210
Beatrice,Inder,Camper,Inder Family,09/30/1999,,4116932711
Aylmar,Dahlbom,Camper,Dahlbom Family,06/27/1999,,1384274520
Averil,Kerwick,Camper,Kerwick Family,08/10/2002,,9629706855
Aurilia,Flacknoe,Camper,Flacknoe Family,11/20/2001,,2392096744
Aubrey,Symms,Camper,Symms Family,12/01/2000,,1813586464
Arel,Christophers,Camper,Christophers Family,07/06/2002,,2142569746
Ardelle,Dahlbom,Camper,Dahlbom Family,11/26/2000,,1384274520
Annmarie,Castiblanco,Camper,Castiblanco Family,12/07/1999,,7226215717
Andris,Baron,Camper,Baron Family,08/23/2001,,7391861857
Andriette,Slaymaker,Camper,Slaymaker Family,11/19/2002,,7522172516
Amanda,Fleg,Camper,Fleg Family,01/19/2000,,9334186371
Amalia,Kimblin,Camper,Kimblin Family,06/22/2002,,2313751497
Alverta,Peert,Camper,Peert Family,07/16/2000,,3117646941
Allys,Ourry,Camper,Ourry Family,09/09/2000,,8487487825
Alfonse,Redgate,Camper,Redgate Family,12/05/2000,,5152960735
Alexei,Pankhurst.,Camper,Pankhurst. Family,06/04/2000,,7699504715
Aleta,Kerwick,Camper,Kerwick Family,02/14/2001,,9629706855
Alanna,Inder,Camper,Inder Family,05/01/2002,,4116932711
Aguste,Lumsden,Camper,Lumsden Family,05/08/2001,,9645670935
Aggi,Lobell,Camper,Lobell Family,11/17/2002,,2273897192
Adda,De Francesco,Camper,De Francesco Family,07/16/2002,,7503454702
Abe,Izsak,Camper,Izsak Family,11/10/2002,,4461669060
Yasmeen,Sandwick,Guardian,Sandwick Family,,YSandwick@example.com,7004838719
Yale,Massen,Guardian,Massen Family,,YMassen@example.com,6164709430
Woodie,Eglinton,Guardian,Eglinton Family,,WEglinton@example.com,4049339249
Vevay,Linkleter,Guardian,Linkleter Family,,VLinkleter@example.com,5346060881
Terrence,Ceillier,Guardian,Ceillier Family,,TCeillier@example.com,4005505245
Tansy,Balaam,Guardian,Balaam Family,,TBalaam@example.com,7564939641
Tandie,Dederich,Guardian,Dederich Family,,TDederich@example.com,2668562290
Susana,Gamlen,Guardian,Gamlen Family,,SGamlen@example.com,6267936181
Sheri,Kezar,Guardian,Kezar Family,,SKezar@example.com,6829355130
Ruthanne,Airton,Guardian,Airton Family,,RAirton@example.com,9679924128
Rosita,Comins,Guardian,Comins Family,,RComins@example.com,3451672449
Roda,Rattray,Guardian,Rattray Family,,RRattray@example.com,1141317657
Rhea,Joriot,Guardian,Joriot Family,,RJoriot@example.com,3568760415
Randy,Inderwick,Guardian,Inderwick Family,,RInderwick@example.com,1728052976
Ramonda,Castiblanco,Guardian,Castiblanco Family,,RCastiblanco@example.com,7226215717
Piotr,Mary,Guardian,Mary Family,,PMary@example.com,3098952476
Patty,Lobell,Guardian,Lobell Family,,PLobell@example.com,2273897192
Norry,Hinkensen,Guardian,Hinkensen Family,,NHinkensen@example.com,5819559684
Neda,Haldin,Guardian,Haldin Family,,NHaldin@example.com,1089572518
Morgan,Izsak,Guardian,Izsak Family,,MIzsak@example.com,4461669060
Min,Lillyman,Guardian,Lillyman Family,,MLillyman@example.com,4312019398
Mikel,Howie,Guardian,Howie Family,,MHowie@example.com,6177522269
Marjorie,Lumsden,Guardian,Lumsden Family,,MLumsden@example.com,9645670935
Maria,Roocroft,Guardian,Roocroft Family,,MRoocroft@example.com,4955295292
Magdalena,Clementet,Guardian,Clementet Family,,MClementet@example.com,5409063265
Lydon,Boules,Guardian,Boules Family,,LBoules@example.com,6508008060
Luther,Cardoo,Guardian,Cardoo Family,,LCardoo@example.com,7756975751
Loree,Bowry,Guardian,Bowry Family,,LBowry@example.com,5814098576
Lona,Fleg,Guardian,Fleg Family,,LFleg@example.com,9334186371
Lemmie,Clotworthy,Guardian,Clotworthy Family,,LClotworthy@example.com,8618360033
Laurent,Christophers,Guardian,Christophers Family,,LChristophers@example.com,2142569746
Kerry,Ourry,Guardian,Ourry Family,,KOurry@example.com,8487487825
Kelila,Inder,Guardian,Inder Family,,KInder@example.com,4116932711
Kaitlyn,Baron,Guardian,Baron Family,,KBaron@example.com,7391861857
Jude,De Francesco,Guardian,De Francesco Family,,JDeFrancesco@example.com,7503454702
Joyous,Peert,Guardian,Peert Family,,JPeert@example.com,3117646941
Joyan,Angell,Guardian,Angell Family,,JAngell@example.com,2204760482
Joey,Corbyn,Guardian,Corbyn Family,,JCorbyn@example.com,9392727791
Jeremie,Bucklan,Guardian,Bucklan Family,,JBucklan@example.com,2383158253
Jeanette,Desborough,Guardian,Desborough Family,,JDesborough@example.com,3246180487
Jacobo,Seville,Guardian,Seville Family,,JSeville@example.com,8069079148
Iormina,Dahlbom,Guardian,Dahlbom Family,,IDahlbom@example.com,1384274520
Ingar,Lovejoy,Guardian,Lovejoy Family,,ILovejoy@example.com,3032856543
Huntlee,Peaurt,Guardian,Peaurt Family,,HPeaurt@example.com,4662282538
Haven,Aitken,Guardian,Aitken Family,,HAitken@example.com,5825351521
Harriot,Slaymaker,Guardian,Slaymaker Family,,HSlaymaker@example.com,7522172516
Greg,Mitroshinov,Guardian,Mitroshinov Family,,GMitroshinov@example.com,3743025304
Gonzales,Kimblin,Guardian,Kimblin Family,,GKimblin@example.com,2313751497
Genevra,Hallmark,Guardian,Hallmark Family,,GHallmark@example.com,4478981303
Gena,Oddboy,Guardian,Oddboy Family,,GOddboy@example.com,2796703834
Franky,Carlesso,Guardian,Carlesso Family,,FCarlesso@example.com,2923617541
Frankie,Errigo,Guardian,Errigo Family,,FErrigo@example.com,2013236576
Faunie,Greenrodd,Guardian,Greenrodd Family,,FGreenrodd@example.com,2612462824
Evey,Lanney,Guardian,Lanney Family,,ELanney@example.com,6118714684
Erin,Redgate,Guardian,Redgate Family,,ERedgate@example.com,5152960735
Eric,Flacknoe,Guardian,Flacknoe Family,,EFlacknoe@example.com,2392096744
Englebert,Criple,Guardian,Criple Family,,ECriple@example.com,3641188776
Emmie,Presshaugh,Guardian,Presshaugh Family,,EPresshaugh@example.com,3025508174
Eleanore,Derry,Guardian,Derry Family,,EDerry@example.com,7353123745
Dulcia,Kobierski,Guardian,Kobierski Family,,DKobierski@example.com,6931660576
Drusie,Parsons,Guardian,Parsons Family,,DParsons@example.com,8691036817
Dick,Milverton,Guardian,Milverton Family,,DMilverton@example.com,4611922316
Denni,Lisimore,Guardian,Lisimore Family,,DLisimore@example.com,3405543286
Delmer,Squibbes,Guardian,Squibbes Family,,DSquibbes@example.com,8986401658
Cyrus,Piperley,Guardian,Piperley Family,,CPiperley@example.com,7559236380
Curtis,Bockett,Guardian,Bockett Family,,CBockett@example.com,5784432631
Chryste,O'Brollachain,Guardian,O'Brollachain Family,,CO'Brollachain@example.com,9802930317
Charleen,Demcak,Guardian,Demcak Family,,CDemcak@example.com,4787655576
Cathrine,Darcy,Guardian,Darcy Family,,CDarcy@example.com,8304474430
Carissa,Gromley,Guardian,Gromley Family,,CGromley@example.com,8126940015
Candi,Hanselmann,Guardian,Hanselmann Family,,CHanselmann@example.com,8711221638
Burgess,Antoszczyk,Guardian,Antoszczyk Family,,BAntoszczyk@example.com,3805811539
Burch,Pitchers,Guardian,Pitchers Family,,BPitchers@example.com,2093931996
Broderick,Kynoch,Guardian,Kynoch Family,,BKynoch@example.com,7853090180
Brittaney,Moryson,Guardian,Moryson Family,,BMoryson@example.com,7422469392
Bourke,Curedell,Guardian,Curedell Family,,BCuredell@example.com,6265634820
Bessie,Jamot,Guardian,Jamot Family,,BJamot@example.com,1314830839
Berkley,Filon,Guardian,Filon Family,,BFilon@example.com,3004883210
Bennett,Stayt,Guardian,Stayt Family,,BStayt@example.com,8073570550
Benedicta,Craighall,Guardian,Craighall Family,,BCraighall@example.com,1582574543
Becky,Ethersey,Guardian,Ethersey Family,,BEthersey@example.com,2058762938
Bail,Daily,Guardian,Daily Family,,BDaily@example.com,5809116607
Aymer,Patrick,Guardian,Patrick Family,,APatrick@example.com,4069662049
Aron,Southwood,Guardian,Southwood Family,,ASouthwood@example.com,6676888033
Archaimbaud,Burmaster,Guardian,Burmaster Family,,ABurmaster@example.com,2741702148
Amaleta,Pankhurst.,Guardian,Pankhurst. Family,,APankhurst.@example.com,7699504715
Adelheid,Hucknall,Guardian,Hucknall Family,,AHucknall@example.com,9199739339
Abdul,Kerwick,Guardian,Kerwick Family,,AKerwick@example.com,9629706855
Vera,Stonehouse,Guardian,Stonehouse Family,,VStonehouse@example.com,5002031016
Tyne,Studman,Guardian,Studman Family,,TStudman@example.com,1523574938
Tucker,Syde,Guardian,Syde Family,,TSyde@example.com,9809294403
Titos,Symms,Guardian,Symms Family,,TSymms@example.com,1813586464
Tibold,Thams,Guardian,Thams Family,,TThams@example.com,3603425915
Terrence,Tousy,Guardian,Tousy Family,,TTousy@example.com,6222480824
Tansy,Veart,Guardian,Veart Family,,TVeart@example.com,9465549389
Tandie,Westell,Guardian,Westell Family,,TWestell@example.com,8879316267
Tammi,Wickwarth,Guardian,Wickwarth Family,,TWickwarth@example.com,3678104560
Susanne,Willgoss,Guardian,Willgoss Family,,SWillgoss@example.com,5806558990
Susana,Wiz,Guardian,Wiz Family,,SWiz@example.com,8868137257
Susana,Yanuk,Guardian,Yanuk Family,,SYanuk@example.com,2449770939